Chain1,Res1,ResName1,Atom1,Chain2,Res2,ResName2,Atom2,Distance,Type
A,7,E,OE1,B,303,R,NE,2.71,SB
A,7,E,OE1,B,303,R,NE,2.71,HB
A,7,E,OE1,B,303,R,NH2,3.43,HB
A,7,E,OE1,B,303,R,NE,3.72,HB
A,7,E,OE1,B,303,R,NH2,2.94,HB
A,7,E,OE2,B,303,R,NE,2.87,HB
A,7,E,OE2,B,303,R,NH2,3.58,HB
A,7,E,OE1,B,306,K,NZ,5.67,AT
A,10,A,O,B,303,R,NH1,3.48,HB
A,11,E,CG,B,303,R,CG,3.44,HY
A,11,E,OE1,B,303,R,NE,4.91,AT
A,11,E,OE1,B,306,K,NZ,3.11,SB
A,11,E,OE1,B,306,K,NZ,3.11,HB
A,11,E,OE2,B,306,K,NZ,3.8,HB
A,14,E,OE1,B,303,R,NH1,3.1,SB
A,14,E,OE1,B,303,R,NH1,3.1,HB
A,14,E,CG,B,307,L,CG,4.41,HY
A,14,E,CG,B,307,L,CD1,4.39,HY
A,15,A,CB,B,307,L,CD2,3.89,HY
A,15,A,CB,B,311,I,CG1,4.24,HY
A,15,A,CB,B,311,I,CD1,3.89,HY
A,18,L,CD1,B,307,L,CD1,3.94,HY
A,18,L,CB,B,311,I,CD1,4.41,HY
A,18,L,CG,B,311,I,CD1,4.26,HY
A,18,L,CD1,B,311,I,CD1,3.15,HY
A,19,F,CE2,B,311,I,CG1,4.23,HY
A,19,F,CE2,B,311,I,CG2,4.08,HY
A,19,F,CZ,B,311,I,CG2,3.93,HY
A,19,F,CE2,B,314,L,CD2,4.33,HY
A,19,F,CZ,B,314,L,CD2,4.06,HY
A,32,L,CD1,B,318,L,CD1,4.43,HY
A,35,V,CG1,B,311,I,CG2,4.29,HY
A,36,M,CG,B,315,C,CB,4.39,HY
A,36,M,CE,B,318,L,CB,3.68,HY
A,36,M,CE,B,318,L,CG,4.1,HY
A,36,M,CE,B,318,L,CD1,3.26,HY
A,39,L,CD1,B,312,V,CG2,4.15,HY
A,39,L,CD2,B,312,V,CG2,4.47,HY
A,39,L,CD1,B,315,C,CB,4.05,HY
A,41,Q,NE2,B,315,C,O,3.77,HB
A,41,Q,CB,B,319,T,CG2,4.42,HY
A,41,Q,CG,B,319,T,CG2,4.46,HY
A,41,Q,OE1,B,319,T,OG1,3.7,HB
A,41,Q,NE2,B,319,T,OG1,2.41,HB
A,51,M,CB,B,318,L,CD2,4.37,HY
A,51,M,CG,B,318,L,CB,4.2,HY
A,51,M,CG,B,318,L,CD2,4.1,HY
A,51,M,CE,B,318,L,CB,4.35,HY
A,51,M,CE,B,319,T,CG2,4.35,HY
A,54,E,OE1,B,320,R,NH1,5.63,AT
A,68,F,CE1,B,314,L,CD2,4.37,HY
A,71,M,CG,B,314,L,CD1,4.3,HY
A,75,K,CB,B,314,L,CD1,3.49,HY
A,75,K,CG,B,314,L,CD1,4.47,HY
A,75,K,O,B,317,H,ND1,3.33,HB
A,75,K,CB,B,317,H,CB,4.44,HY
A,75,K,CB,B,318,L,CD2,4.4,HY
A,75,K,CG,B,318,L,CG,4.29,HY
A,75,K,CG,B,318,L,CD2,3.52,HY
A,75,K,NZ,B,320,R,NE,5.28,RE
A,76,M,SD,B,310,S,OG,3.61,HB
A,76,M,SD,B,313,S,OG,3.55,HB
A,76,M,CB,B,314,L,CB,4.42,HY
A,76,M,CB,B,314,L,CD1,4.16,HY
A,76,M,CG,B,314,L,CB,3.92,HY
A,79,T,O,B,317,H,NE2,3.56,HB
A,80,D,N,B,317,H,NE2,3.49,HB
A,80,D,OD2,B,317,H,NE2,3.73,uSB
A,80,D,OD2,B,317,H,NE2,3.73,HB
A,84,E,OE1,B,317,H,NE2,5.35,uAT
A,85,I,CG1,B,309,F,CE1,4.47,HY
A,85,I,CG1,B,309,F,CZ,4.28,HY
A,88,A,CB,B,309,F,CD1,4.32,HY
A,88,A,CB,B,309,F,CE1,4.07,HY
A,88,A,CB,B,312,V,CG1,3.81,HY
A,91,V,CB,B,312,V,CG1,4.02,HY
A,91,V,CG1,B,312,V,CG1,4.39,HY
A,91,V,CG1,B,312,V,CG2,4.32,HY
A,91,V,CG2,B,312,V,CG1,3.7,HY
A,92,F,CD1,B,305,W,CZ3,4.09,HY
A,92,F,CE1,B,305,W,CE3,4.27,HY
A,92,F,CE1,B,305,W,CZ3,3.98,HY
A,92,F,CE2,B,312,V,CB,4.39,HY
A,92,F,CE2,B,312,V,CG2,3.96,HY
A,92,F,CZ,B,312,V,CG2,4.47,HY
A,105,L,CG,B,305,W,CH2,4.4,HY
A,105,L,CD1,B,305,W,CE3,4.42,HY
A,105,L,CD1,B,305,W,CZ2,4.22,HY
A,105,L,CD1,B,305,W,CZ3,3.74,HY
A,105,L,CD1,B,305,W,CH2,3.63,HY
A,105,L,CD2,B,305,W,CZ2,3.87,HY
A,105,L,CD2,B,305,W,CH2,3.98,HY
A,112,L,CD2,B,311,I,CB,4.3,HY
A,112,L,CD2,B,311,I,CG2,3.64,HY
A,112,L,CD2,B,312,V,CG2,4.45,HY
A,114,E,OE2,B,304,R,NH1,3.37,SB
A,114,E,OE2,B,304,R,NH1,3.37,HB
A,120,E,OE1,B,304,R,NH2,3.34,SB
A,120,E,OE1,B,304,R,NH2,3.34,HB
A,120,E,OE2,B,304,R,NH1,3.61,HB
A,120,E,OE2,B,304,R,NH2,3.62,HB
A,123,E,OE2,B,304,R,NE,5.82,AT
A,124,M,CG,B,304,R,CB,3.55,HY
A,124,M,CG,B,304,R,CG,3.85,HY
A,124,M,CE,B,304,R,CB,3.37,HY
A,124,M,O,B,305,W,NE1,2.89,HB
A,124,M,CB,B,305,W,CZ2,4.26,HY
A,124,M,CE,B,305,W,CB,4.25,HY
A,124,M,CE,B,305,W,CG,3.55,HY
A,124,M,CE,B,305,W,CD2,3.47,HY
A,124,M,CE,B,305,W,CE3,4.05,HY
A,124,M,CE,B,305,W,CZ2,4.2,HY
A,127,E,OE1,B,302,R,N,3.34,HB
A,127,E,OE1,B,302,R,NE,5.13,AT
A,128,A,CB,B,305,W,CZ2,3.98,HY
A,136,V,CB,B,305,W,CH2,4.44,HY
A,136,V,CG1,B,305,W,CH2,4.46,HY
A,136,V,CG2,B,305,W,CZ2,4.0,HY
A,136,V,CG2,B,305,W,CH2,3.96,HY
A,141,F,CD2,B,305,W,CE3,4.46,HY
A,141,F,CD2,B,305,W,CZ3,4.08,HY
A,141,F,CE2,B,305,W,CE3,4.32,HY
A,141,F,CE2,B,305,W,CZ3,4.09,HY
A,141,F,CE1,B,309,F,CD1,3.98,HY
A,141,F,CE1,B,309,F,CE1,4.19,HY
A,141,F,CZ,B,309,F,CD1,3.82,HY
A,141,F,CZ,B,309,F,CE1,4.46,HY
A,144,M,O,B,302,R,NH1,3.4,HB
A,144,M,SD,B,302,R,NH1,3.23,HB
A,144,M,CG,B,305,W,CB,3.87,HY
A,144,M,CG,B,305,W,CG,3.58,HY
A,144,M,CG,B,305,W,CD2,3.99,HY
A,144,M,CE,B,305,W,CG,4.06,HY
A,145,M,CE,B,305,W,CB,3.91,HY
A,145,M,CE,B,306,K,CB,4.29,HY
A,145,M,CG,B,309,F,CB,4.3,HY
A,145,M,CG,B,309,F,CG,3.7,HY
A,145,M,CG,B,309,F,CD1,3.68,HY
A,145,M,CG,B,309,F,CD2,3.92,HY
A,145,M,CG,B,309,F,CE1,3.88,HY
A,145,M,CG,B,309,F,CE2,4.13,HY
A,145,M,CG,B,309,F,CZ,4.1,HY
A,145,M,CE,B,309,F,CB,3.45,HY
A,145,M,CE,B,309,F,CG,3.87,HY
A,145,M,CE,B,309,F,CD2,4.32,HY
A,148,K,O,B,306,K,NZ,3.41,HB