Chain1,Res1,ResName1,Atom1,Chain2,Res2,ResName2,Atom2,Distance,Type,source_folder
A,28,E,OE2,F,125,E,OE2,5.5,RE,1MT1-A-F
A,28,E,CB,F,129,I,CD1,4.06,HY,1MT1-A-F
A,28,E,CG,F,129,I,CD1,4.39,HY,1MT1-A-F
A,28,E,OE1,F,132,E,OE1,5.31,RE,1MT1-A-F
A,32,N,CB,F,129,I,CG2,4.18,HY,1MT1-A-F
A,35,D,OD1,F,134,R,CZ,3.76,SB,1MT1-A-F
A,35,D,OD1,F,134,R,NH1,3.76,HB,1MT1-A-F
A,35,D,OD1,F,134,R,NH2,2.89,HB,1MT1-A-F
A,35,D,OD2,F,134,R,NH1,2.83,HB,1MT1-A-F
A,35,D,OD2,F,134,R,NH2,3.48,HB,1MT1-A-F
A,39,L,CD1,F,134,R,CG,4.12,HY,1MT1-A-F
A,39,L,CD2,F,134,R,CG,4.27,HY,1MT1-A-F
A,44,G,O,F,134,R,NH2,3.04,HB,1MT1-A-F
A,45,N,OD1,F,134,R,NE,2.79,HB,1MT1-A-F
A,45,N,OD1,F,134,R,NH2,3.26,HB,1MT1-A-F
A,47,N,OD1,F,54,I,N,2.74,HB,1MT1-A-F
A,47,N,ND2,F,54,I,O,2.78,HB,1MT1-A-F
A,13,K,CG,B,164,Y,CD1,4.02,HY,1MT1-A-B
A,13,K,CG,B,164,Y,CE1,4.26,HY,1MT1-A-B
A,13,K,CD,B,164,Y,CD1,4.32,HY,1MT1-A-B
A,14,L,CB,B,56,P,CB,4.33,HY,1MT1-A-B
A,14,L,CB,B,56,P,CG,4.47,HY,1MT1-A-B
A,14,L,CD2,B,56,P,CB,4.37,HY,1MT1-A-B
A,15,P,CB,B,56,P,CG,4.38,HY,1MT1-A-B
A,15,P,CB,B,162,L,CB,3.74,HY,1MT1-A-B
A,15,P,CB,B,162,L,CG,4.27,HY,1MT1-A-B
A,15,P,CB,B,162,L,CD2,4.26,HY,1MT1-A-B
A,15,P,CG,B,162,L,CB,4.1,HY,1MT1-A-B
A,15,P,CG,B,162,L,CD2,4.3,HY,1MT1-A-B
A,15,P,CB,B,164,Y,CE1,4.4,HY,1MT1-A-B
A,15,P,CG,B,164,Y,CE1,4.09,HY,1MT1-A-B
A,15,P,CG,B,164,Y,CE2,4.39,HY,1MT1-A-B
A,16,N,O,B,60,E,N,2.97,HB,1MT1-A-B
A,16,N,N,B,163,W,O,2.94,HB,1MT1-A-B
A,16,N,OD1,B,165,K,N,2.65,HB,1MT1-A-B
A,17,T,CG2,B,62,V,CG1,4.49,HY,1MT1-A-B
A,17,T,CG2,B,62,V,CG2,4.02,HY,1MT1-A-B
A,17,T,N,B,163,W,O,3.2,HB,1MT1-A-B
A,17,T,O,B,163,W,N,2.94,HB,1MT1-A-B
A,17,T,OG1,B,163,W,N,3.47,HB,1MT1-A-B
A,17,T,OG1,B,163,W,O,3.24,HB,1MT1-A-B
A,17,T,OG1,B,164,Y,N,3.82,HB,1MT1-A-B
A,17,T,CG2,B,165,K,CB,3.48,HY,1MT1-A-B
A,17,T,CG2,B,165,K,CG,4.33,HY,1MT1-A-B
A,18,V,N,B,60,E,O,2.96,HB,1MT1-A-B
A,18,V,CB,B,61,I,CG1,4.5,HY,1MT1-A-B
A,18,V,O,B,62,V,N,2.95,HB,1MT1-A-B
A,18,V,CG1,B,160,A,CB,4.05,HY,1MT1-A-B
A,18,V,CG1,B,162,L,CD1,4.44,HY,1MT1-A-B
A,18,V,CG2,B,162,L,CG,4.09,HY,1MT1-A-B
A,18,V,CG2,B,162,L,CD1,4.15,HY,1MT1-A-B
A,19,S,OG,B,62,V,O,2.96,HB,1MT1-A-B
A,19,S,OG,B,63,P,O,3.63,HB,1MT1-A-B
A,19,S,OG,B,64,L,N,3.44,HB,1MT1-A-B
A,19,S,N,B,161,A,O,2.84,HB,1MT1-A-B
A,19,S,O,B,161,A,N,2.78,HB,1MT1-A-B
A,20,L,CD2,B,93,I,CG2,3.54,HY,1MT1-A-B
A,20,L,CD2,B,95,V,CG2,3.77,HY,1MT1-A-B
A,20,L,CD1,B,142,E,CB,4.31,HY,1MT1-A-B
A,20,L,CB,B,144,I,CB,4.29,HY,1MT1-A-B
A,20,L,CB,B,144,I,CG2,3.95,HY,1MT1-A-B
A,20,L,CD2,B,160,A,CB,3.74,HY,1MT1-A-B
A,21,V,CG1,B,64,L,CB,4.17,HY,1MT1-A-B
A,21,V,CG1,B,64,L,CG,4.32,HY,1MT1-A-B
A,21,V,CG1,B,64,L,CD1,4.27,HY,1MT1-A-B
A,21,V,CG1,B,64,L,CD2,3.82,HY,1MT1-A-B
A,21,V,N,B,159,A,O,2.91,HB,1MT1-A-B
A,21,V,O,B,159,A,N,2.79,HB,1MT1-A-B
A,21,V,CG2,B,159,A,CB,4.08,HY,1MT1-A-B
A,22,A,CB,B,144,I,CG1,3.95,HY,1MT1-A-B
A,22,A,CB,B,144,I,CG2,4.41,HY,1MT1-A-B
A,22,A,CB,B,144,I,CD1,3.69,HY,1MT1-A-B
A,22,A,CB,B,146,V,CB,3.87,HY,1MT1-A-B
A,22,A,CB,B,146,V,CG1,3.95,HY,1MT1-A-B
A,22,A,CB,B,158,A,CB,4.3,HY,1MT1-A-B
A,23,G,N,B,157,F,O,2.8,HB,1MT1-A-B
A,23,G,O,B,157,F,N,2.79,HB,1MT1-A-B
A,24,S,OG,B,148,H,ND1,3.19,HB,1MT1-A-B
A,25,S,O,B,148,H,NE2,3.89,HB,1MT1-A-B
A,25,S,N,B,155,C,O,2.99,HB,1MT1-A-B
A,25,S,O,B,155,C,N,2.84,HB,1MT1-A-B
A,26,E,OE1,B,148,H,NE2,3.09,uSB,1MT1-A-B
A,26,E,OE1,B,148,H,NE2,3.09,HB,1MT1-A-B
A,26,E,OE1,B,151,E,N,3.36,HB,1MT1-A-B
A,26,E,OE1,B,151,E,OE1,5.07,RE,1MT1-A-B
A,26,E,OE2,B,151,E,N,3.45,HB,1MT1-A-B
A,26,E,OE2,B,152,K,N,2.56,HB,1MT1-A-B
A,26,E,OE2,B,153,L,N,2.62,HB,1MT1-A-B
A,27,G,N,B,153,L,O,2.94,HB,1MT1-A-B
A,30,P,CB,B,81,I,CG2,4.32,HY,1MT1-A-B
A,30,P,CB,B,81,I,CD1,3.89,HY,1MT1-A-B
A,33,A,CB,B,153,L,CD2,3.84,HY,1MT1-A-B
A,33,A,CB,B,155,C,CB,4.0,HY,1MT1-A-B
A,34,F,CE1,B,77,Y,CE1,4.3,HY,1MT1-A-B
A,34,F,CZ,B,77,Y,CE1,4.17,HY,1MT1-A-B
A,34,F,CD1,B,79,Y,CB,4.38,HY,1MT1-A-B
A,34,F,CD1,B,79,Y,CG,4.12,HY,1MT1-A-B
A,34,F,CD1,B,79,Y,CD1,3.9,HY,1MT1-A-B
A,34,F,CD1,B,79,Y,CE1,4.42,HY,1MT1-A-B
A,34,F,CE1,B,79,Y,CB,4.12,HY,1MT1-A-B
A,34,F,CE1,B,79,Y,CG,3.89,HY,1MT1-A-B
A,34,F,CE1,B,79,Y,CD1,4.1,HY,1MT1-A-B
A,34,F,CE1,B,79,Y,CD2,4.24,HY,1MT1-A-B
A,34,F,CE1,B,157,F,CD1,3.86,HY,1MT1-A-B
A,34,F,CE1,B,157,F,CE1,4.15,HY,1MT1-A-B
A,34,F,CZ,B,157,F,CD1,4.42,HY,1MT1-A-B
A,34,F,CZ,B,157,F,CE1,4.28,HY,1MT1-A-B
A,37,A,CB,B,155,C,CB,4.34,HY,1MT1-A-B
A,37,A,CB,B,157,F,CB,3.82,HY,1MT1-A-B
A,38,L,CD2,B,157,F,CG,3.99,HY,1MT1-A-B
A,38,L,CD2,B,157,F,CD1,3.78,HY,1MT1-A-B
A,38,L,CD2,B,157,F,CD2,3.86,HY,1MT1-A-B
A,38,L,CD2,B,157,F,CE1,3.42,HY,1MT1-A-B
A,38,L,CD2,B,157,F,CE2,3.51,HY,1MT1-A-B
A,38,L,CD2,B,157,F,CZ,3.28,HY,1MT1-A-B
A,41,A,CB,B,157,F,CD2,4.14,HY,1MT1-A-B
A,41,A,CB,B,157,F,CE2,4.19,HY,1MT1-A-B
A,43,I,CG2,B,64,L,CG,4.23,HY,1MT1-A-B
A,43,I,CG2,B,64,L,CD1,3.87,HY,1MT1-A-B
A,43,I,CG2,B,64,L,CD2,3.4,HY,1MT1-A-B
A,43,I,CD1,B,64,L,CD1,4.43,HY,1MT1-A-B
A,43,I,CG1,B,67,L,CD1,4.08,HY,1MT1-A-B
A,43,I,CG2,B,67,L,CD1,4.36,HY,1MT1-A-B
A,43,I,CD1,B,67,L,CD1,4.2,HY,1MT1-A-B
A,43,I,CG1,B,157,F,CE2,4.31,HY,1MT1-A-B
A,43,I,CG2,B,157,F,CE2,4.31,HY,1MT1-A-B
A,43,I,CD1,B,157,F,CE2,3.62,HY,1MT1-A-B
A,43,I,CD1,B,157,F,CZ,3.73,HY,1MT1-A-B
A,43,I,CD1,B,159,A,CB,4.47,HY,1MT1-A-B
A,43,I,CD1,B,161,A,CB,3.86,HY,1MT1-A-B
A,45,N,O,B,70,G,N,2.88,HB,1MT1-A-B
A,46,V,CG1,B,67,L,CB,3.79,HY,1MT1-A-B
A,46,V,CG1,B,67,L,CD1,4.17,HY,1MT1-A-B
A,46,V,CG2,B,67,L,CD1,4.44,HY,1MT1-A-B
A,46,V,CB,B,73,V,CG2,4.18,HY,1MT1-A-B
A,46,V,CG2,B,73,V,CG2,4.13,HY,1MT1-A-B
A,47,N,ND2,B,70,G,O,2.94,HB,1MT1-A-B
A,47,N,N,B,71,A,O,2.73,HB,1MT1-A-B
A,47,N,CB,B,72,L,CD2,3.64,HY,1MT1-A-B
A,47,N,O,B,73,V,N,2.77,HB,1MT1-A-B
A,48,L,CB,B,75,T,CG2,3.29,HY,1MT1-A-B
A,48,L,CG,B,75,T,CG2,3.79,HY,1MT1-A-B
A,48,L,CD1,B,75,T,CG2,3.96,HY,1MT1-A-B
A,48,L,CD2,B,75,T,CG2,4.27,HY,1MT1-A-B
A,48,L,CD2,B,75,T,CG2,3.55,HY,1MT1-A-B
A,48,L,CB,B,77,Y,CE2,4.34,HY,1MT1-A-B
A,48,L,CD1,B,77,Y,CD2,4.14,HY,1MT1-A-B
A,48,L,CD1,B,77,Y,CE2,4.07,HY,1MT1-A-B
A,48,L,CD1,B,157,F,CE1,4.3,HY,1MT1-A-B
A,48,L,CD1,B,157,F,CZ,3.99,HY,1MT1-A-B
A,49,I,CG1,B,72,L,CB,4.0,HY,1MT1-A-B
A,49,I,CD1,B,72,L,CB,4.24,HY,1MT1-A-B
A,49,I,N,B,73,V,O,2.87,HB,1MT1-A-B
A,49,I,O,B,75,T,N,2.91,HB,1MT1-A-B
A,49,I,O,B,75,T,N,2.92,HB,1MT1-A-B
A,50,R,CB,B,77,Y,CD2,4.46,HY,1MT1-A-B
A,50,R,CB,B,77,Y,CE2,3.72,HY,1MT1-A-B
A,50,R,CG,B,77,Y,CD2,4.05,HY,1MT1-A-B
A,50,R,CG,B,77,Y,CE1,4.46,HY,1MT1-A-B
A,50,R,CG,B,77,Y,CE2,3.65,HY,1MT1-A-B
A,50,R,NE,B,77,Y,O,3.62,HB,1MT1-A-B
A,50,R,NH2,B,77,Y,O,2.89,HB,1MT1-A-B
A,50,R,NH2,B,109,E,OE1,3.1,SB,1MT1-A-B
A,50,R,NH2,B,109,E,OE1,3.1,HB,1MT1-A-B
A,50,R,NH2,B,111,E,OE1,5.08,AT,1MT1-A-B
A,51,I,CG1,B,74,P,CB,4.17,HY,1MT1-A-B
A,51,I,CG2,B,74,P,CB,4.16,HY,1MT1-A-B
A,51,I,CD1,B,74,P,CB,3.66,HY,1MT1-A-B
A,51,I,N,B,75,T,O,2.94,HB,1MT1-A-B
A,51,I,N,B,75,T,O,2.89,HB,1MT1-A-B
A,51,I,N,B,75,T,O,2.94,HB,1MT1-A-B
A,51,I,N,B,75,T,O,2.89,HB,1MT1-A-B
A,51,I,CG1,B,76,A,CB,3.67,HY,1MT1-A-B
A,51,I,CD1,B,76,A,CB,3.89,HY,1MT1-A-B
A,51,I,CD1,B,162,L,CD2,3.85,HY,1MT1-A-B
A,51,I,CD1,B,162,L,CD1,4.05,HY,1MT1-A-B
A,51,I,CD1,B,162,L,CD2,4.0,HY,1MT1-A-B
A,12,F,CZ,D,163,W,CH2,4.38,HY,1MT1-A-D
A,14,L,CD2,D,68,P,CB,3.98,HY,1MT1-A-D
A,15,P,CG,D,72,L,CG,4.45,HY,1MT1-A-D
A,15,P,CG,D,72,L,CD1,4.12,HY,1MT1-A-D
A,15,P,CG,D,72,L,CD2,4.4,HY,1MT1-A-D
A,51,I,CD1,D,72,L,CD2,4.24,HY,1MT1-A-D
A,52,S,OG,D,77,Y,OH,2.63,HB,1MT1-A-D
